patient,clinical_driver_gene,clinical_mutation,mutations_found
TH171_E3,ALK,fusion,
TH116_E2,,,"EGFR L858R, EGFR L858R, EGFR L858R"
TH179_E1,BRAF,V600E,"BRAF V600E, MAP2K2 G182G, BRAF V600E, MAP2K2 G182G"
TH231_E1,ALK,fusion,
TH226_E3,EGFR,del19,"EGFR del19, EGFR del19, EGFR E746_A750delELREA, EGFR E746_T751delELREAT, EGFR E746_A750delELREA, EGFR E746_T751delELREAT"
TH187_E3,,,
TH155_E5,EGFR,del19,"EGFR K754E, EGFR K754E, EGFR K754E"
TH172_E3,,,
TH169_E4,EGFR,del19,"EGFR del19, EGFR del19, EGFR E746_A750delELREA, EGFR E746_T751delELREAT, EGFR E746_A750delELREA, EGFR E746_T751delELREAT"
TH220_E2,ALK,fusion,
TH067_E7,EGFR,del19,"EGFR del19, EGFR del19, EGFR E746_T751delELREAT, EGFR E746_S752>D, EGFR E746_T751delELREAT, EGFR E746_S752>D"
TH169_E2,EGFR,del19,"EGFR del19, EGFR del19, EGFR E746_A750delELREA, EGFR E746_T751delELREAT, EGFR E746_A750delELREA, EGFR E746_T751delELREAT"
TH208_E4,,,"EGFR L861Q, EGFR L861Q, EGFR L861Q"
TH210_E1,ALK,fusion,
TH205_E2,EGFR,L858R,
TH067_E4,EGFR,del19,"EGFR del19, EGFR del19, EGFR E746_T751delELREAT, EGFR E746_S752>D, EGFR E746_T751delELREAT, EGFR E746_S752>D"
TH238_E1,BRAF,V600E,
TH208_E3,,,"EGFR L861Q, EGFR L861Q, EGFR L861Q"
